{
    "mean_f1": 0.47506646131646135,
    "num_questions": 208,
    "f1_by_difficulty": {
      "1": 0.6293103448275862,
      "2": 0.43672348484848483,
      "3": 0.7782512626262627,
      "4": 0.5007054673721341,
      "5": 0.27262737262737263,
      "6": 0.4266666666666667,
      "7": 0.3631578947368421,
      "8": 0.253125,
      "9": 0.3333333333333333,
      "10": 0.0,
      "11": 0.5454545454545454,
      "12": 0.4242424242424242,
      "13": 0.0
    },
    "total_retrieval_calls": 1102
  }