{
    "mean_f1": 0.3157436028730477,
    "num_questions": 300,
    "f1_by_difficulty": {
      "1": 0.4714031585115486,
      "2": 0.24862241252849507,
      "3": 0.6251063210864467,
      "4": 0.38135175400303545,
      "5": 0.20611419638426667,
      "6": 0.27142458620048354,
      "7": 0.1602336581746576,
      "8": 0.13757745933384974,
      "9": 0.18888888888888888,
      "10": 0.0,
      "11": 0.0,
      "12": 0.2852974186307519,
      "13": 0.0
    },
    "total_retrieval_calls": 1636,
    "settings": {
      "lm": "openai/gpt-4.1-mini",
      "max_tool_calls": 50
    }
  }
  