{
    "mean_f1": 0.24851933000189405,
    "num_questions": 300,
    "f1_by_difficulty": {
      "1": 0.39199591853961524,
      "2": 0.24217750917178202,
      "3": 0.4356716737043347,
      "4": 0.2599408674878348,
      "5": 0.17722717891878592,
      "6": 0.18771929824561404,
      "7": 0.15913693965276615,
      "8": 0.1875,
      "9": 0.0,
      "10": 0.0,
      "11": 0.0,
      "12": 0.0,
      "13": 0.0
    },
    "total_retrieval_calls": 6890
  }