{
    "mean_f1": 0.5629566578337118,
    "num_questions": 208,
    "f1_by_difficulty": {
      "1": 0.824712643678161,
      "2": 0.5651541620359345,
      "3": 0.7938762626262627,
      "4": 0.632697343808455,
      "5": 0.34622132253711196,
      "6": 0.49777777777777776,
      "7": 0.34736842105263155,
      "8": 0.3277777777777778,
      "9": 0.4943310657596372,
      "10": 0.0,
      "11": 0.0,
      "12": 0.4166666666666667,
      "13": 0.0
    },
    "total_retrieval_calls": 2864,
    "program": "PhantomWikiReActPipeline",
    "dataset": "phantomwiki_test_omitsuperlong.json",
    "lm": "openai/gpt-4.1-mini"
  }